<table directory="assets">
	<animation path="anims/fps/bessy/bessy_com_var1"/>
	<texture path="units/mods/weapons/wpn_fps_spec_bessy_pts/bessy_barrel_df_cc"/>
	<texture path="units/mods/weapons/wpn_fps_spec_bessy_pts/bessy_barrel_df"/>
	<bnk path="soundbanks/weapon_musket"/>
	<texture path="guis/dlcs/mods/textures/pd2/blackmarket/icons/weapons/outline/bessy"/>
	<texture path="units/mods/weapons/wpn_fps_spec_bessy_pts/bessy_barrel_nm"/>
	<texture path="units/mods/weapons/wpn_fps_spec_bessy_pts/bessy_bayonette_df_cc"/>
	<texture path="units/mods/weapons/wpn_fps_spec_bessy_pts/bessy_bayonette_df"/>
	<texture path="units/mods/weapons/wpn_fps_spec_bessy_pts/bessy_bayonette_nm"/>
	<texture path="units/mods/weapons/wpn_fps_spec_bessy_pts/bessy_extras_df"/>
	<texture path="guis/dlcs/mods/textures/pd2/blackmarket/icons/weapons/bessy"/>
	<texture path="guis/dlcs/mods/textures/pd2/blackmarket/icons/player_styles/sneak_suit_default"/>
	<texture path="guis/dlcs/mods/textures/pd2/blackmarket/icons/player_styles/gangzsta_blue"/>
	<texture path="guis/dlcs/mods/textures/pd2/blackmarket/icons/player_styles/gangzsta"/>
	<texture path="guis/dlcs/mods/textures/pd2/blackmarket/icons/player_styles/thug_gold"/>
	<texture path="guis/dlcs/mods/textures/pd2/blackmarket/icons/player_styles/gangzsta_default"/>
	<texture path="guis/dlcs/mods/textures/pd2/blackmarket/icons/player_styles/gangzsta_yellow"/>
	<texture path="guis/dlcs/mods/textures/pd2/blackmarket/icons/player_styles/gangzsta_red"/>
	<texture path="guis/dlcs/mods/textures/pd2/blackmarket/icons/player_styles/sneak_suit_camo"/>
	<texture path="guis/dlcs/mods/textures/pd2/blackmarket/icons/mods/wpn_fps_spec_bessy_bayonette"/>
	<texture path="units/mods/weapons/wpn_fps_spec_bessy_pts/bessy_extras_df_cc"/>
	<texture path="units/mods/weapons/wpn_fps_spec_bessy_pts/bessy_reciever_df"/>
	<texture path="units/mods/weapons/wpn_fps_spec_bessy_pts/third_bessy_reciever_nm"/>
	<texture path="units/mods/weapons/wpn_fps_spec_bessy_pts/third_bessy_reciever_df"/>
	<texture path="units/mods/weapons/wpn_fps_spec_bessy_pts/third_bessy_bayonette_nm"/>
	<texture path="units/mods/weapons/wpn_fps_spec_bessy_pts/third_bessy_bayonette_df"/>
	<texture path="units/mods/weapons/wpn_fps_spec_bessy_pts/third_bessy_rod_df"/>
	<texture path="units/mods/weapons/wpn_fps_spec_bessy_pts/third_bessy_stock_df"/>
	<texture path="units/mods/weapons/wpn_fps_spec_bessy_pts/third_bessy_rod_nm"/>
	<texture path="units/mods/weapons/wpn_fps_spec_bessy_pts/third_bessy_stock_nm"/>
	<texture path="units/mods/weapons/wpn_fps_spec_bessy_pts/bessy_extras_nm"/>
	<texture path="units/mods/weapons/wpn_fps_spec_bessy_pts/third_bessy_barrel_nm"/>
	<texture path="units/mods/weapons/wpn_fps_spec_bessy_pts/bessy_stock_df_cc"/>
	<texture path="units/mods/weapons/wpn_fps_spec_bessy_pts/bessy_reciever_nm"/>
	<texture path="units/mods/weapons/wpn_fps_spec_bessy_pts/bessy_reciever_df_cc"/>
	<texture path="units/mods/weapons/wpn_fps_spec_bessy_pts/bessy_stock_nm"/>
	<texture path="units/mods/weapons/wpn_fps_spec_bessy_pts/bessy_rod_df"/>
	<texture path="units/mods/weapons/wpn_fps_spec_bessy_pts/bessy_rod_nm"/>
	<texture path="units/mods/weapons/wpn_fps_spec_bessy_pts/bessy_rod_df_cc"/>
	<texture path="units/mods/weapons/wpn_fps_spec_bessy_pts/bessy_stock_df"/>
	<texture path="guis/dlcs/mods/textures/pd2/blackmarket/icons/mods/wpn_fps_pis_g17_ck"/>
	<texture path="units/mods/weapons/wpn_fps_spec_bessy_pts/third_bessy_barrel_df"/>
	<texture path="guis/dlcs/mods/textures/pd2/blackmarket/icons/melee_weapons/outline/piggy_hammer"/>
	<animation path="anims/fps/bessy/bessy_recoil_exit"/>
	<animation path="anims/fps/bessy/bessy_recoil_enter"/>
	<animation path="anims/fps/bessy/bessy_recoil"/>
	<animation path="anims/fps/bessy/bessy_melee_miss"/>
	<animation path="anims/fps/bessy/bessy_recoil_loop"/>
	<animation path="anims/fps/bessy/bessy_reload"/>
	<animation path="anims/fps/bessy/bessy_recoil_zoom"/>
	<animation path="anims/fps/bessy/bessy_sprint"/>
	<animation path="anims/fps/bessy/bessy_reload_not_empty"/>
	<animation path="anims/fps/bessy/bessy_sprint_enter"/>
	<animation path="anims/fps/bessy/bessy_melee_bayo_miss"/>
	<animation path="anims/fps/bessy/bessy_inspect"/>
	<animation path="anims/fps/bessy/bessy_com_var6"/>
	<animation path="anims/fps/bessy/bessy_com_var5"/>
	<texture path="guis/dlcs/mods/textures/pd2/blackmarket/icons/mods/wpn_fps_pis_deagle_ck"/>
	<animation path="anims/fps/bessy/bessy_melee"/>
	<animation path="anims/fps/bessy/bessy_com_var7"/>
	<animation path="anims/fps/bessy/bessy_get_up"/>
	<animation path="anims/fps/bessy/bessy_equip"/>
	<animation path="anims/fps/bessy/bessy_idle"/>
	<animation path="anims/fps/bessy/bessy_gogo"/>
	<animation path="anims/fps/bessy/bessy_sprint_exit"/>
	<animation path="anims/fps/bessy/bessy_melee_bayo"/>
	<animation path="anims/fps/bessy/bessy_tased_boost"/>
	<texture path="guis/dlcs/mods/textures/pd2/blackmarket/icons/masks/splitcrim"/>
	<texture path="guis/dlcs/mods/textures/pd2/blackmarket/icons/masks/guldgris"/>
	<texture path="guis/dlcs/mods/textures/pd2/blackmarket/icons/gloves/tiger_red"/>
	<texture path="guis/dlcs/mods/textures/pd2/blackmarket/icons/gloves/tiger_neon"/>
	<texture path="guis/dlcs/mods/textures/pd2/blackmarket/icons/masks/teddymoo"/>
	<texture path="guis/dlcs/mods/textures/pd2/blackmarket/icons/masks/zoothat_blue"/>
	<texture path="guis/dlcs/mods/textures/pd2/blackmarket/icons/masks/zoothat_black"/>
	<texture path="guis/dlcs/mods/textures/pd2/blackmarket/icons/masks/zoothat_red"/>
	<texture path="guis/dlcs/mods/textures/pd2/blackmarket/icons/masks/zoothat_yellow"/>
	<animation path="anims/fps/bessy/bessy_tased"/>
	<animation path="anims/fps/bessy/bessy_tased_exit"/>
	<animation path="anims/fps/bessy/bessy_use"/>
	<texture path="guis/dlcs/mods/textures/pd2/blackmarket/icons/melee_weapons/piggy_hammer"/>
	<animation path="anims/fps/bessy/bessy_unequip"/>
	<cooked_physics path="units/mods/weapons/wpn_fps_spec_bessy_pts/wpn_third_spec_bessy_rod"/>
	<cooked_physics path="units/mods/weapons/wpn_fps_spec_bessy_pts/wpn_fps_spec_bessy_bayonette"/>
	<cooked_physics path="units/mods/weapons/wpn_fps_spec_bessy_pts/wpn_fps_spec_bessy_stock"/>
	<cooked_physics path="units/mods/weapons/wpn_fps_spec_bessy_pts/wpn_fps_spec_bessy_reciever"/>
	<cooked_physics path="units/mods/weapons/wpn_fps_spec_bessy_pts/wpn_third_spec_bessy_barrel"/>
	<cooked_physics path="units/mods/weapons/wpn_fps_spec_bessy_pts/wpn_third_spec_bessy_bayonette"/>
	<cooked_physics path="units/mods/weapons/wpn_fps_spec_bessy_pts/wpn_third_spec_bessy_reciever"/>
	<cooked_physics path="units/mods/weapons/wpn_fps_spec_bessy_pts/wpn_fps_spec_bessy_rod"/>
	<cooked_physics path="units/mods/weapons/wpn_fps_spec_bessy_pts/wpn_vr_spec_bessy_pouch"/>
	<cooked_physics path="units/mods/weapons/wpn_fps_spec_bessy/wpn_fps_spec_bessy"/>
	<cooked_physics path="units/mods/weapons/wpn_fps_spec_bessy_pts/wpn_fps_spec_bessy_barrel"/>
	<cooked_physics path="units/mods/weapons/wpn_fps_spec_bessy_pts/wpn_third_spec_bessy_stock"/>
	<model path="units/mods/weapons/wpn_fps_spec_bessy_pts/wpn_third_spec_bessy_barrel"/>
	<model path="units/mods/weapons/wpn_fps_spec_bessy_pts/wpn_fps_spec_bessy_barrel"/>
	<model path="units/mods/weapons/wpn_fps_spec_bessy_pts/wpn_fps_spec_bessy_reciever"/>
	<model path="units/mods/weapons/wpn_fps_spec_bessy_pts/wpn_third_spec_bessy_stock"/>
	<model path="units/mods/weapons/wpn_fps_spec_bessy_pts/wpn_fps_spec_bessy_stock"/>
	<model path="units/mods/weapons/wpn_fps_spec_bessy_pts/wpn_third_spec_bessy_bayonette"/>
	<model path="units/mods/weapons/wpn_fps_spec_bessy/wpn_fps_spec_bessy"/>
	<model path="units/mods/weapons/wpn_fps_spec_bessy_pts/wpn_fps_spec_bessy_bayonette"/>
	<model path="units/mods/weapons/wpn_fps_spec_bessy_pts/wpn_vr_spec_bessy_pouch"/>
	<model path="units/mods/weapons/wpn_fps_spec_bessy_pts/wpn_third_spec_bessy_rod"/>
	<model path="units/mods/weapons/wpn_fps_spec_bessy_pts/wpn_fps_spec_bessy_rod"/>
	<model path="units/mods/weapons/wpn_fps_spec_bessy_pts/wpn_third_spec_bessy_reciever"/>
	<object path="units/mods/weapons/wpn_fps_spec_bessy_pts/wpn_third_spec_bessy_bayonette"/>
	<object path="units/mods/weapons/wpn_fps_spec_bessy_pts/wpn_fps_spec_bessy_rod"/>
	<object path="units/mods/weapons/wpn_fps_spec_bessy_pts/wpn_third_spec_bessy_stock"/>
	<object path="units/mods/weapons/wpn_fps_spec_bessy_pts/wpn_third_spec_bessy_barrel"/>
	<object path="units/mods/weapons/wpn_fps_spec_bessy_pts/wpn_fps_spec_bessy_stock"/>
	<object path="units/mods/weapons/wpn_fps_spec_bessy_pts/wpn_third_spec_bessy_reciever"/>
	<object path="units/mods/weapons/wpn_fps_spec_bessy_pts/wpn_third_spec_bessy_rod"/>
	<object path="units/mods/weapons/wpn_fps_spec_bessy_pts/wpn_fps_spec_bessy_bayonette"/>
	<object path="units/mods/weapons/wpn_fps_spec_bessy/wpn_fps_spec_bessy"/>
	<object path="units/mods/weapons/wpn_fps_spec_bessy_pts/wpn_vr_spec_bessy_pouch"/>
	<object path="units/mods/weapons/wpn_fps_spec_bessy_pts/wpn_fps_spec_bessy_reciever"/>
	<object path="units/mods/weapons/wpn_fps_spec_bessy_pts/wpn_fps_spec_bessy_barrel"/>
	<material_config path="units/mods/weapons/wpn_fps_spec_bessy_pts/wpn_fps_spec_bessy_bayonette"/>
	<material_config path="units/mods/weapons/wpn_fps_spec_bessy_pts/wpn_fps_spec_bessy_bayonette_cc"/>
	<material_config path="units/mods/weapons/wpn_fps_spec_bessy_pts/wpn_fps_spec_bessy_rod"/>
	<material_config path="units/mods/weapons/wpn_fps_spec_bessy_pts/wpn_fps_spec_bessy_barrel_thq"/>
	<material_config path="units/mods/weapons/wpn_fps_spec_bessy_pts/wpn_third_spec_bessy_bayonette"/>
	<material_config path="units/mods/weapons/wpn_fps_spec_bessy_pts/wpn_fps_spec_bessy_reciever_thq"/>
	<material_config path="units/mods/weapons/wpn_fps_spec_bessy_pts/wpn_third_spec_bessy_reciever"/>
	<material_config path="units/mods/weapons/wpn_fps_spec_bessy_pts/wpn_third_spec_bessy_rod"/>
	<material_config path="units/mods/weapons/wpn_fps_spec_bessy_pts/wpn_fps_spec_bessy_bayonette_cc_thq"/>
	<material_config path="units/mods/weapons/wpn_fps_spec_bessy_pts/wpn_third_spec_bessy_stock"/>
	<material_config path="units/mods/weapons/wpn_fps_spec_bessy_pts/wpn_fps_spec_bessy_barrel_cc_thq"/>
	<material_config path="units/mods/weapons/wpn_fps_spec_bessy_pts/wpn_fps_spec_bessy_barrel_cc"/>
	<material_config path="units/mods/weapons/wpn_fps_spec_bessy_pts/wpn_fps_spec_bessy_barrel"/>
	<material_config path="units/mods/weapons/wpn_fps_spec_bessy_pts/wpn_fps_spec_bessy_bayonette_thq"/>
	<material_config path="units/mods/weapons/wpn_fps_spec_bessy_pts/wpn_fps_spec_bessy_stock"/>
	<material_config path="units/mods/weapons/wpn_fps_spec_bessy_pts/wpn_third_spec_bessy_barrel"/>
	<material_config path="units/mods/weapons/wpn_fps_spec_bessy/wpn_fps_spec_bessy"/>
	<material_config path="units/mods/weapons/wpn_fps_spec_bessy_pts/wpn_fps_spec_bessy_reciever_cc"/>
	<material_config path="units/mods/weapons/wpn_fps_spec_bessy_pts/wpn_fps_spec_bessy_rod_thq"/>
	<material_config path="units/mods/weapons/wpn_fps_spec_bessy_pts/wpn_fps_spec_bessy_rod_cc_thq"/>
	<material_config path="units/mods/weapons/wpn_fps_spec_bessy_pts/wpn_fps_spec_bessy_reciever_cc_thq"/>
	<material_config path="units/mods/weapons/wpn_fps_spec_bessy_pts/wpn_fps_spec_bessy_stock_cc_thq"/>
	<material_config path="units/mods/weapons/wpn_fps_spec_bessy_pts/wpn_fps_spec_bessy_stock_cc"/>
	<material_config path="units/mods/weapons/wpn_fps_spec_bessy_pts/wpn_fps_spec_bessy_reciever"/>
	<material_config path="units/mods/weapons/wpn_fps_spec_bessy_pts/wpn_fps_spec_bessy_stock_thq"/>
	<material_config path="units/mods/weapons/wpn_fps_spec_bessy_pts/wpn_fps_spec_bessy_rod_cc"/>
	<unit path="units/mods/weapons/wpn_fps_spec_bessy/wpn_fps_spec_bessy"/>
	<unit path="units/mods/weapons/wpn_fps_spec_bessy/wpn_fps_spec_bessy_npc"/>
	<unit path="units/mods/weapons/wpn_fps_spec_bessy_pts/wpn_third_spec_bessy_stock"/>
	<unit path="units/mods/weapons/wpn_fps_spec_bessy_pts/wpn_third_spec_bessy_rod"/>
	<unit path="units/mods/weapons/wpn_fps_spec_bessy_pts/wpn_fps_spec_bessy_bayonette"/>
	<unit path="units/mods/weapons/wpn_fps_spec_bessy_pts/wpn_third_spec_bessy_reciever"/>
	<unit path="units/mods/weapons/wpn_fps_spec_bessy_pts/wpn_fps_spec_bessy_reciever"/>
	<unit path="units/mods/weapons/wpn_fps_spec_bessy_pts/wpn_fps_spec_bessy_rod"/>
	<unit path="units/mods/weapons/wpn_fps_spec_bessy_pts/wpn_fps_spec_bessy_barrel"/>
	<unit path="units/mods/weapons/wpn_fps_spec_bessy_pts/wpn_fps_spec_bessy_stock"/>
	<unit path="units/mods/weapons/wpn_fps_spec_bessy_pts/wpn_third_spec_bessy_bayonette"/>
	<unit path="units/mods/weapons/wpn_fps_spec_bessy_pts/wpn_third_spec_bessy_barrel"/>
	<unit path="units/mods/weapons/wpn_fps_spec_bessy_pts/wpn_vr_spec_bessy_pouch"/>
</table>
